t_ms,pwm,count
0,60,0
10,60,-1
20,60,-6
30,60,-12
40,60,-21
50,60,-30
60,60,-41
70,60,-54
80,60,-68
90,60,-81
100,60,-97
110,60,-114
120,60,-132
130,60,-149
140,60,-169
150,60,-189
160,60,-210
171,60,-232
180,60,-252
190,60,-275
200,60,-298
210,60,-322
220,60,-344
230,60,-369
240,60,-395
250,60,-421
260,60,-445
270,60,-471
280,60,-499
290,60,-527
300,60,-552
310,60,-581
320,60,-610
330,60,-639
340,60,-668
350,60,-695
360,60,-725
370,60,-755
380,60,-786
390,60,-814
400,60,-845
410,60,-876
420,60,-908
430,60,-936
440,60,-968
450,60,-1000
460,60,-1033
470,60,-1062
480,60,-1095
490,60,-1128
500,60,-1161
510,60,-1194
520,60,-1224
530,60,-1257
540,60,-1291
550,60,-1325
560,60,-1355
570,60,-1390
580,60,-1424
590,60,-1458
600,60,-1489
610,60,-1524
620,60,-1558
630,60,-1593
640,60,-1625
650,60,-1660
660,60,-1695
670,60,-1730
680,60,-1765
690,60,-1797
700,60,-1833
710,60,-1868
720,60,-1904
730,60,-1936
740,60,-1972
750,60,-2008
760,60,-2044
770,60,-2076
780,60,-2112
790,60,-2148
800,60,-2184
811,60,-2221
820,60,-2253
830,60,-2290
840,60,-2326
850,60,-2363
860,60,-2396
870,60,-2432
880,60,-2469
890,60,-2506
900,60,-2539
910,60,-2575
920,60,-2612
930,60,-2649
940,60,-2683
950,60,-2720
960,60,-2757
970,60,-2794
980,60,-2831
990,60,-2864
1000,60,-2901
1010,60,-2939
1020,60,-2976
1030,60,-3009
1040,60,-3047
1050,60,-3084
1060,60,-3121
1070,60,-3155
1080,60,-3192
1090,60,-3230
1100,60,-3267
1110,60,-3301
1120,60,-3339
1130,60,-3376
1140,60,-3414
1150,60,-3452
1160,60,-3485
1170,60,-3523
1180,60,-3561
1190,60,-3598
1200,60,-3632
1210,60,-3670
1220,60,-3708
1230,60,-3746
1240,60,-3780
1250,60,-3818
1260,60,-3855
1270,60,-3893
1280,60,-3928
1290,60,-3965
1300,60,-4003
1310,60,-4041
1320,60,-4079
1330,60,-4113
1340,60,-4151
1350,60,-4189
1360,60,-4227
1370,60,-4262
1380,60,-4300
1390,60,-4338
1400,60,-4376
1410,60,-4410
1420,60,-4448
1430,60,-4486
1440,60,-4524
1451,60,-4562
1460,60,-4597
1470,60,-4635
1480,60,-4673
1490,60,-4711
1500,60,-4746
1510,60,-4784
1520,60,-4822
1530,60,-4860
1540,60,-4895
1550,60,-4933
1560,60,-4971
1570,60,-5009
1580,60,-5044
1590,60,-5082
1600,60,-5120
1610,60,-5158
1620,60,-5197
1630,60,-5231
1640,60,-5269
1650,60,-5308
1660,60,-5346
1670,60,-5380
1680,60,-5419
1690,60,-5457
1700,60,-5495
1710,60,-5530
1720,60,-5568
1730,60,-5607
1740,60,-5645
1750,60,-5679
1760,60,-5718
1770,60,-5756
1780,60,-5794
1790,60,-5833
1800,60,-5867
1810,60,-5906
1820,60,-5944
1830,60,-5983
1840,60,-6017
1850,60,-6056
1860,60,-6094
1870,60,-6132
1880,60,-6167
1890,60,-6205
1900,60,-6244
1910,60,-6282
1920,60,-6317
1930,60,-6355
1940,60,-6394
1950,60,-6432
1960,60,-6471
1970,60,-6505
1980,60,-6544
1990,60,-6582
2000,0,-6621
2010,0,-6655
2020,0,-6693
2030,0,-6731
2040,0,-6767
2050,0,-6800
2060,0,-6837
2070,0,-6873
2080,0,-6908
2091,0,-6943
2100,0,-6974
2110,0,-7009
2120,0,-7042
2130,0,-7076
2140,0,-7106
2150,0,-7138
2160,0,-7171
2170,0,-7203
2180,0,-7231
2190,0,-7262
2200,0,-7293
2210,0,-7324
2220,0,-7351
2230,0,-7380
2240,0,-7410
2250,0,-7439
2260,0,-7467
2270,0,-7493
2280,0,-7521
2290,0,-7548
2300,0,-7575
2310,0,-7600
2320,0,-7626
2330,0,-7652
2340,0,-7678
2350,0,-7701
2360,0,-7726
2370,0,-7751
2380,0,-7775
2390,0,-7797
2400,0,-7821
2410,0,-7844
2420,0,-7867
2430,0,-7890
2440,0,-7910
2450,0,-7932
2460,0,-7954
2470,0,-7976
2480,0,-7995
2490,0,-8016
2500,0,-8036
2510,0,-8056
2520,0,-8074
2530,0,-8094
2540,0,-8113
2550,0,-8132
2560,0,-8149
2570,0,-8167
2580,0,-8185
2590,0,-8203
2600,0,-8221
2610,0,-8236
2620,0,-8253
2630,0,-8269
2640,0,-8286
2650,0,-8300
2660,0,-8316
2670,0,-8331
2680,0,-8346
2690,0,-8360
2700,0,-8374
2710,0,-8389
2720,0,-8402
2731,0,-8416
2740,0,-8428
2750,0,-8441
2760,0,-8454
2770,0,-8467
2780,0,-8478
2790,0,-8490
2800,0,-8502
2810,0,-8513
2820,0,-8523
2830,0,-8535
2840,0,-8545
2850,0,-8556
2860,0,-8565
2870,0,-8575
2880,0,-8585
2890,0,-8594
2900,0,-8603
2910,0,-8611
2920,0,-8620
2930,0,-8628
2940,0,-8637
2950,0,-8644
2960,0,-8651
2970,0,-8659
2980,0,-8666
2990,0,-8672
3000,0,-8679
3010,0,-8686
3020,0,-8692
3030,0,-8697
3040,0,-8703
3050,0,-8708
3060,0,-8714
3070,0,-8719
3080,0,-8723
3090,0,-8728
3100,0,-8732
3110,0,-8736
3120,0,-8740
3130,0,-8743
3140,0,-8747
3150,0,-8750
3160,0,-8753
3170,0,-8755
3180,0,-8758
3190,0,-8760
3200,0,-8762
3210,0,-8764
3220,0,-8765
3230,0,-8767
3240,0,-8768
3250,0,-8768
3260,0,-8768
3270,0,-8768
3280,0,-8768
3290,0,-8768
3300,0,-8768
3310,0,-8768
3320,0,-8768
3330,0,-8768
3340,0,-8768
3350,0,-8768
3360,0,-8768
3371,0,-8768
3380,0,-8768
3390,0,-8768
3400,0,-8768
3410,0,-8768
3420,0,-8768
3430,0,-8768
3440,0,-8768
3450,0,-8768
3460,0,-8768
3470,0,-8768
3480,0,-8768
3490,0,-8768
3500,0,-8768
3510,0,-8768
3520,0,-8768
3530,0,-8768
3540,0,-8768
3550,0,-8768
3560,0,-8768
3570,0,-8768
3580,0,-8768
3590,0,-8768
3600,0,-8768
3610,0,-8768
3620,0,-8768
3630,0,-8768
3640,0,-8768
3650,0,-8768
3660,0,-8768
3670,0,-8768
3680,0,-8768
3690,0,-8768
3700,0,-8768
3710,0,-8768
3720,0,-8768
3730,0,-8768
3740,0,-8768
3750,0,-8768
3760,0,-8768
3770,0,-8768
3780,0,-8768
3790,0,-8768
3800,0,-8768
3810,0,-8768
3820,0,-8768
3830,0,-8768
3840,0,-8768
3850,0,-8768
3860,0,-8768
3870,0,-8768
3880,0,-8768
3890,0,-8768
3900,0,-8768
3910,0,-8768
3920,0,-8768
3930,0,-8768
3940,0,-8768
3950,0,-8768
3960,0,-8768
3970,0,-8768
3980,0,-8768
3990,0,-8768
4000,60,-8768
4011,60,-8769
4020,60,-8773
4030,60,-8779
4040,60,-8788
4050,60,-8798
4060,60,-8808
4070,60,-8821
4080,60,-8834
4090,60,-8849
4100,60,-8864
4110,60,-8881
4120,60,-8899
4130,60,-8917
4140,60,-8935
4150,60,-8955
4160,60,-8976
4170,60,-8998
4180,60,-9020
4190,60,-9041
4200,60,-9064
4210,60,-9088
4220,60,-9113
4230,60,-9135
4240,60,-9161
4250,60,-9187
4260,60,-9213
4270,60,-9237
4280,60,-9265
4290,60,-9293
4300,60,-9321
4310,60,-9346
4320,60,-9375
4330,60,-9404
4340,60,-9434
4350,60,-9464
4360,60,-9491
4370,60,-9521
4380,60,-9552
4390,60,-9582
4400,60,-9610
4410,60,-9642
4420,60,-9673
4430,60,-9705
4440,60,-9734
4450,60,-9766
4460,60,-9798
4470,60,-9831
4480,60,-9860
4490,60,-9893
4500,60,-9926
4510,60,-9959
4520,60,-9993
4530,60,-10023
4540,60,-10057
4550,60,-10090
4560,60,-10124
4570,60,-10155
4580,60,-10189
4590,60,-10224
4600,60,-10258
4610,60,-10289
4620,60,-10324
4630,60,-10359
4640,60,-10394
4651,60,-10429
4660,60,-10461
4670,60,-10496
4680,60,-10532
4690,60,-10567
4700,60,-10599
4710,60,-10635
4720,60,-10670
4730,60,-10706
4740,60,-10738
4750,60,-10775
4760,60,-10811
4770,60,-10847
4780,60,-10879
4790,60,-10916
4800,60,-10952
4810,60,-10988
4820,60,-11025
4830,60,-11058
4840,60,-11094
4850,60,-11131
4860,60,-11168
4870,60,-11201
4880,60,-11238
4890,60,-11274
4900,60,-11311
4910,60,-11344
4920,60,-11382
4930,60,-11419
4940,60,-11456
4950,60,-11489
4960,60,-11526
4970,60,-11563
4980,60,-11601
4990,60,-11638
5000,60,-11672
5010,60,-11709
5020,60,-11746
5030,60,-11784
5040,60,-11817
5050,60,-11855
5060,60,-11892
5070,60,-11930
5080,60,-11964
5090,60,-12001
5100,60,-12039
5110,60,-12077
5120,60,-12110
5130,60,-12148
5140,60,-12186
5150,60,-12224
5160,60,-12261
5170,60,-12295
5180,60,-12333
5190,60,-12371
5200,60,-12409
5210,60,-12443
5220,60,-12481
5230,60,-12518
5240,60,-12556
5250,60,-12590
5260,60,-12628
5270,60,-12666
5280,60,-12704
5291,60,-12742
5300,60,-12776
5310,60,-12814
5320,60,-12852
5330,60,-12890
5340,60,-12925
5350,60,-12963
5360,60,-13001
5370,60,-13039
5380,60,-13073
5390,60,-13111
5400,60,-13149
5410,60,-13187
5420,60,-13222
5430,60,-13260
5440,60,-13298
5450,60,-13336
5460,60,-13375
5470,60,-13409
5480,60,-13447
5490,60,-13485
5500,60,-13523
5510,60,-13558
5520,60,-13596
5530,60,-13634
5540,60,-13672
5550,60,-13707
5560,60,-13745
5570,60,-13784
5580,60,-13822
5590,60,-13856
5600,60,-13895
5610,60,-13933
5620,60,-13971
5630,60,-14009
5640,60,-14044
5650,60,-14082
5660,60,-14120
5670,60,-14159
5680,60,-14193
5690,60,-14232
5700,60,-14270
5710,60,-14308
5720,60,-14343
5730,60,-14381
5740,60,-14420
5750,60,-14458
5760,60,-14493
5770,60,-14531
5780,60,-14569
5790,60,-14608
5800,60,-14646
5810,60,-14681
5820,60,-14719
5830,60,-14758
5840,60,-14796
5850,60,-14831
5860,60,-14869
5870,60,-14907
5880,60,-14946
5890,60,-14980
5900,60,-15019
5910,60,-15057
5920,60,-15096
5931,60,-15134
5940,60,-15169
5950,60,-15208
5960,60,-15246
5970,60,-15284
5980,60,-15319
5990,60,-15358
6000,0,-15396
6010,0,-15434
6020,0,-15468
6030,0,-15506
6040,0,-15543
6050,0,-15580
6060,0,-15612
6070,0,-15648
6080,0,-15684
6090,0,-15719
6100,0,-15754
6110,0,-15784
6120,0,-15818
6130,0,-15852
6140,0,-15885
6150,0,-15915
6160,0,-15947
6170,0,-15979
6180,0,-16011
6190,0,-16039
6200,0,-16070
6210,0,-16100
6220,0,-16131
6230,0,-16157
6240,0,-16187
6250,0,-16216
6260,0,-16245
6270,0,-16273
6280,0,-16298
6290,0,-16326
6300,0,-16353
6310,0,-16380
6320,0,-16404
6330,0,-16430
6340,0,-16456
6350,0,-16482
6360,0,-16504
6370,0,-16529
6380,0,-16554
6390,0,-16578
6400,0,-16599
6410,0,-16623
6420,0,-16646
6430,0,-16669
6440,0,-16691
6450,0,-16711
6460,0,-16733
6470,0,-16755
6480,0,-16776
6490,0,-16795
6500,0,-16815
6510,0,-16836
6520,0,-16856
6530,0,-16873
6540,0,-16893
6550,0,-16912
6560,0,-16931
6571,0,-16949
6580,0,-16965
6590,0,-16983
6600,0,-17001
6610,0,-17018
6620,0,-17033
6630,0,-17050
6640,0,-17066
6650,0,-17082
6660,0,-17096
6670,0,-17112
6680,0,-17127
6690,0,-17142
6700,0,-17155
6710,0,-17170
6720,0,-17184
6730,0,-17197
6740,0,-17211
6750,0,-17223
6760,0,-17236
6770,0,-17249
6780,0,-17261
6790,0,-17272
6800,0,-17284
6810,0,-17295
6820,0,-17307
6830,0,-17317
6840,0,-17328
6850,0,-17338
6860,0,-17348
6870,0,-17357
6880,0,-17367
6890,0,-17377
6900,0,-17386
6910,0,-17395
6920,0,-17403
6930,0,-17412
6940,0,-17420
6950,0,-17428
6960,0,-17435
6970,0,-17443
6980,0,-17450
6990,0,-17457
7000,0,-17463
7010,0,-17470
7020,0,-17476
7030,0,-17482
7040,0,-17487
7050,0,-17493
7060,0,-17499
7070,0,-17504
7080,0,-17509
7090,0,-17513
7100,0,-17517
7110,0,-17521
7120,0,-17525
7130,0,-17529
7140,0,-17532
7150,0,-17536
7160,0,-17539
7170,0,-17541
7180,0,-17544
7190,0,-17547
7200,0,-17549
7211,0,-17551
7220,0,-17552
7230,0,-17554
7240,0,-17555
7250,0,-17556
7260,0,-17556
7270,0,-17556
7280,0,-17556
7290,0,-17556
7300,0,-17555
7310,0,-17555
7320,0,-17555
7330,0,-17554
7340,0,-17554
7350,0,-17554
7360,0,-17554
7370,0,-17554
7380,0,-17554
7390,0,-17554
7400,0,-17554
7410,0,-17554
7420,0,-17554
7430,0,-17554
7440,0,-17554
7450,0,-17554
7460,0,-17554
7470,0,-17554
7480,0,-17554
7490,0,-17554
7500,0,-17554
7510,0,-17554
7520,0,-17554
7530,0,-17554
7540,0,-17554
7550,0,-17554
7560,0,-17554
7570,0,-17554
7580,0,-17554
7590,0,-17554
7600,0,-17554
7610,0,-17554
7620,0,-17554
7630,0,-17554
7640,0,-17554
7650,0,-17554
7660,0,-17554
7670,0,-17554
7680,0,-17554
7690,0,-17554
7700,0,-17554
7710,0,-17554
7720,0,-17554
7730,0,-17554
7740,0,-17554
7750,0,-17554
7760,0,-17554
7770,0,-17554
7780,0,-17554
7790,0,-17554
7800,0,-17554
7810,0,-17554
7820,0,-17554
7830,0,-17554
7840,0,-17554
7851,0,-17554
7860,0,-17554
7870,0,-17554
7880,0,-17554
7890,0,-17554
7900,0,-17554
7910,0,-17554
7920,0,-17554
7930,0,-17554
7940,0,-17554
7950,0,-17554
7960,0,-17554
7970,0,-17554
7980,0,-17554
7990,0,-17554
8000,60,-17554
8010,60,-17556
8020,60,-17560
8030,60,-17566
8040,60,-17574
8050,60,-17584
8060,60,-17595
8070,60,-17607
8080,60,-17620
8090,60,-17635
8100,60,-17651
8110,60,-17667
8120,60,-17684
8130,60,-17703
8140,60,-17722
8150,60,-17741
8160,60,-17761
8170,60,-17783
8180,60,-17805
8190,60,-17828
8200,60,-17849
8210,60,-17873
8220,60,-17897
8230,60,-17922
8240,60,-17945
8250,60,-17970
8260,60,-17997
8270,60,-18023
8280,60,-18048
8290,60,-18075
8300,60,-18103
8310,60,-18131
8320,60,-18157
8330,60,-18186
8340,60,-18215
8350,60,-18245
8360,60,-18275
8370,60,-18302
8380,60,-18332
8390,60,-18363
8400,60,-18393
8410,60,-18421
8420,60,-18452
8430,60,-18484
8440,60,-18516
8450,60,-18545
8460,60,-18577
8470,60,-18609
8480,60,-18642
8491,60,-18674
8500,60,-18704
8510,60,-18737
8520,60,-18770
8530,60,-18804
8540,60,-18834
8550,60,-18867
8560,60,-18901
8570,60,-18935
8580,60,-18966
8590,60,-19000
8600,60,-19034
8610,60,-19069
8620,60,-19100
8630,60,-19135
8640,60,-19169
8650,60,-19204
8660,60,-19239
8670,60,-19271
8680,60,-19306
8690,60,-19341
8700,60,-19377
8710,60,-19409
8720,60,-19444
8730,60,-19480
8740,60,-19516
8750,60,-19548
8760,60,-19584
8770,60,-19620
8780,60,-19656
8790,60,-19688
8800,60,-19724
8810,60,-19761
8820,60,-19797
8830,60,-19833
8840,60,-19866
8850,60,-19903
8860,60,-19939
8870,60,-19976
8880,60,-20009
8890,60,-20046
8900,60,-20082
8910,60,-20119
8920,60,-20153
8930,60,-20190
8940,60,-20226
8950,60,-20263
8960,60,-20297
8970,60,-20334
8980,60,-20371
8990,60,-20408
9000,60,-20446
9010,60,-20479
9020,60,-20516
9030,60,-20554
9040,60,-20591
9050,60,-20625
9060,60,-20662
9070,60,-20700
9080,60,-20737
9090,60,-20771
9100,60,-20809
9110,60,-20846
9120,60,-20884
9131,60,-20921
9140,60,-20955
9150,60,-20993
9160,60,-21031
9170,60,-21068
9180,60,-21102
9190,60,-21140
9200,60,-21178
9210,60,-21216
9220,60,-21250
9230,60,-21288
9240,60,-21326
9250,60,-21364
9260,60,-21398
9270,60,-21436
9280,60,-21474
9290,60,-21512
9300,60,-21550
9310,60,-21584
9320,60,-21622
9330,60,-21660
9340,60,-21698
9350,60,-21733
9360,60,-21771
9370,60,-21809
9380,60,-21847
9390,60,-21881
9400,60,-21919
9410,60,-21958
9420,60,-21996
9430,60,-22030
9440,60,-22068
9450,60,-22107
9460,60,-22145
9470,60,-22183
9480,60,-22218
9490,60,-22256
9500,60,-22294
9510,60,-22332
9520,60,-22367
9530,60,-22405
9540,60,-22443
9550,60,-22482
9560,60,-22516
9570,60,-22555
9580,60,-22593
9590,60,-22631
9600,60,-22666
9610,60,-22704
9620,60,-22743
9630,60,-22781
9640,60,-22819
9650,60,-22854
9660,60,-22892
9670,60,-22931
9680,60,-22969
9690,60,-23004
9700,60,-23042
9710,60,-23080
9720,60,-23119
9730,60,-23153
9740,60,-23192
9750,60,-23230
9760,60,-23269
9771,60,-23307
9780,60,-23342
9790,60,-23380
9800,60,-23419
9810,60,-23457
9820,60,-23492
9830,60,-23530
9840,60,-23569
9850,60,-23607
9860,60,-23642
9870,60,-23681
9880,60,-23719
9890,60,-23758
9900,60,-23792
9910,60,-23831
9920,60,-23869
9930,60,-23908
9940,60,-23946
9950,60,-23981
9960,60,-24019
9970,60,-24058
9980,60,-24096
9990,60,-24131
10000,0,-24170
10010,0,-24208
10020,0,-24246
10030,0,-24280
10040,0,-24317
10050,0,-24354
10060,0,-24390
10070,0,-24422
10080,0,-24458
10090,0,-24493
10100,0,-24528
10110,0,-24562
10120,0,-24593
10130,0,-24626
10140,0,-24660
10150,0,-24692
10160,0,-24722
10170,0,-24754
10180,0,-24785
10190,0,-24817
10200,0,-24845
10210,0,-24875
10220,0,-24905
10230,0,-24935
10240,0,-24962
10250,0,-24991
10260,0,-25020
10270,0,-25048
10280,0,-25076
10290,0,-25101
10300,0,-25128
10310,0,-25155
10320,0,-25182
10330,0,-25205
10340,0,-25231
10350,0,-25257
10360,0,-25282
10370,0,-25305
10380,0,-25329
10390,0,-25353
10400,0,-25377
10411,0,-25401
10420,0,-25422
10430,0,-25445
10440,0,-25467
10450,0,-25489
10460,0,-25509
10470,0,-25531
10480,0,-25552
10490,0,-25573
10500,0,-25592
10510,0,-25612
10520,0,-25632
10530,0,-25652
10540,0,-25669
10550,0,-25688
10560,0,-25707
10570,0,-25726
10580,0,-25744
10590,0,-25760
10600,0,-25777
10610,0,-25795
10620,0,-25812
10630,0,-25827
10640,0,-25843
10650,0,-25859
10660,0,-25875
10670,0,-25889
10680,0,-25904
10690,0,-25919
10700,0,-25934
10710,0,-25947
10720,0,-25961
10730,0,-25975
10740,0,-25988
10750,0,-26002
10760,0,-26013
10770,0,-26026
10780,0,-26038
10790,0,-26051
10800,0,-26061
10810,0,-26073
10820,0,-26084
10830,0,-26096
10840,0,-26105
10850,0,-26116
10860,0,-26126
10870,0,-26136
10880,0,-26145
10890,0,-26155
10900,0,-26164
10910,0,-26173
10920,0,-26182
10930,0,-26190
10940,0,-26198
10950,0,-26206
10960,0,-26214
10970,0,-26221
10980,0,-26228
10990,0,-26235
11000,0,-26242
11010,0,-26248
11020,0,-26254
11030,0,-26260
11040,0,-26266
11051,0,-26272
11060,0,-26277
11070,0,-26282
11080,0,-26287
11090,0,-26292
11100,0,-26296
11110,0,-26300
11120,0,-26304
11130,0,-26308
11140,0,-26311
11150,0,-26314
11160,0,-26317
11170,0,-26320
11180,0,-26323
11190,0,-26325
11200,0,-26327
11210,0,-26329
11220,0,-26331
11230,0,-26332
11240,0,-26333
11250,0,-26334
11260,0,-26335
11270,0,-26335
11280,0,-26335
11290,0,-26334
11300,0,-26334
11310,0,-26334
11320,0,-26333
11330,0,-26333
11340,0,-26333
11350,0,-26333
11360,0,-26333
11370,0,-26333
11380,0,-26333
11390,0,-26333
11400,0,-26333
11410,0,-26333
11420,0,-26333
11430,0,-26333
11440,0,-26333
11450,0,-26333
11460,0,-26333
11470,0,-26333
11480,0,-26333
11490,0,-26333
11500,0,-26333
11510,0,-26333
11520,0,-26333
11530,0,-26333
11540,0,-26333
11550,0,-26333
11560,0,-26333
11570,0,-26333
11580,0,-26333
11590,0,-26333
11600,0,-26333
11610,0,-26333
11620,0,-26333
11630,0,-26333
11640,0,-26333
11650,0,-26333
11660,0,-26333
11670,0,-26333
11680,0,-26333
11691,0,-26333
11700,0,-26333
11710,0,-26333
11720,0,-26333
11730,0,-26333
11740,0,-26333
11750,0,-26333
11760,0,-26333
11770,0,-26333
11780,0,-26333
11790,0,-26333
11800,0,-26333
11810,0,-26333
11820,0,-26333
11830,0,-26333
11840,0,-26333
11850,0,-26333
11860,0,-26333
11870,0,-26333
11880,0,-26333
11890,0,-26333
11900,0,-26333
11910,0,-26333
11920,0,-26333
11930,0,-26333
11940,0,-26333
11950,0,-26333
11960,0,-26333
11970,0,-26333
11980,0,-26333
11990,0,-26333
12000,60,-26333
12010,60,-26335
12020,60,-26339
12030,60,-26345
12040,60,-26352
12050,60,-26362
12060,60,-26373
12070,60,-26386
12080,60,-26398
12090,60,-26413
12100,60,-26429
12110,60,-26446
12120,60,-26462
12130,60,-26481
12140,60,-26500
12150,60,-26521
12160,60,-26539
12170,60,-26561
12180,60,-26583
12190,60,-26606
12200,60,-26629
12210,60,-26651
12220,60,-26675
12230,60,-26700
12240,60,-26726
12250,60,-26749
12260,60,-26775
12270,60,-26801
12280,60,-26828
12290,60,-26853
12300,60,-26881
12310,60,-26909
12320,60,-26937
12331,60,-26966
12340,60,-26992
12350,60,-27021
12360,60,-27051
12370,60,-27080
12380,60,-27108
12390,60,-27138
12400,60,-27169
12410,60,-27200
12420,60,-27228
12430,60,-27259
12440,60,-27291
12450,60,-27322
12460,60,-27351
12470,60,-27383
12480,60,-27416
12490,60,-27448
12500,60,-27481
12510,60,-27511
12520,60,-27544
12530,60,-27577
12540,60,-27611
12550,60,-27641
12560,60,-27675
12570,60,-27709
12580,60,-27743
12590,60,-27773
12600,60,-27808
12610,60,-27842
12620,60,-27877
12630,60,-27908
12640,60,-27943
12650,60,-27977
12660,60,-28012
12670,60,-28047
12680,60,-28079
12690,60,-28114
12700,60,-28150
12710,60,-28185
12720,60,-28217
12730,60,-28253
12740,60,-28289
12750,60,-28324
12760,60,-28357
12770,60,-28393
12780,60,-28428
12790,60,-28465
12800,60,-28497
12810,60,-28533
12820,60,-28570
12830,60,-28606
12840,60,-28642
12850,60,-28675
12860,60,-28711
12870,60,-28748
12880,60,-28784
12890,60,-28817
12900,60,-28854
12910,60,-28891
12920,60,-28928
12930,60,-28961
12940,60,-28998
12950,60,-29035
12960,60,-29072
12971,60,-29109
12980,60,-29142
12990,60,-29179
13000,60,-29216
13010,60,-29253
13020,60,-29287
13030,60,-29324
13040,60,-29361
13050,60,-29398
13060,60,-29432
13070,60,-29469
13080,60,-29507
13090,60,-29544
13100,60,-29578
13110,60,-29615
13120,60,-29653
13130,60,-29690
13140,60,-29728
13150,60,-29762
13160,60,-29799
13170,60,-29837
13180,60,-29875
13190,60,-29908
13200,60,-29946
13210,60,-29984
13220,60,-30022
13230,60,-30056
13240,60,-30093
13250,60,-30131
13260,60,-30169
13270,60,-30203
13280,60,-30241
13290,60,-30279
13300,60,-30317
13310,60,-30355
13320,60,-30389
13330,60,-30427
13340,60,-30465
13350,60,-30503
13360,60,-30537
13370,60,-30575
13380,60,-30613
13390,60,-30651
13400,60,-30685
13410,60,-30723
13420,60,-30761
13430,60,-30799
13440,60,-30834
13450,60,-30872
13460,60,-30910
13470,60,-30948
13480,60,-30986
13490,60,-31020
13500,60,-31058
13510,60,-31097
13520,60,-31135
13530,60,-31169
13540,60,-31207
13550,60,-31246
13560,60,-31284
13570,60,-31318
13580,60,-31357
13590,60,-31395
13600,60,-31433
13611,60,-31471
13620,60,-31506
13630,60,-31544
13640,60,-31582
13650,60,-31621
13660,60,-31655
13670,60,-31693
13680,60,-31732
13690,60,-31770
13700,60,-31805
13710,60,-31843
13720,60,-31881
13730,60,-31920
13740,60,-31954
13750,60,-31993
13760,60,-32031
13770,60,-32069
13780,60,-32108
13790,60,-32142
13800,60,-32181
13810,60,-32219
13820,60,-32257
13830,60,-32292
13840,60,-32330
13850,60,-32369
13860,60,-32407
13870,60,-32442
13880,60,-32480
13890,60,-32519
13900,60,-32557
13910,60,-32591
13920,60,-32630
13930,60,-32668
13940,60,-32707
13950,60,-32745
13960,60,-32780
13970,60,-32818
13980,60,-32857
13990,60,-32895
14000,0,-32930
14010,0,-32968
14020,0,-33006
14030,0,-33043
14040,0,-33077
14050,0,-33113
14060,0,-33150
14070,0,-33185
14080,0,-33217
14090,0,-33252
14100,0,-33287
14110,0,-33321
14120,0,-33355
14130,0,-33385
14140,0,-33418
14150,0,-33451
14160,0,-33483
14170,0,-33512
14180,0,-33544
14190,0,-33575
14200,0,-33606
14210,0,-33633
14220,0,-33663
14230,0,-33693
14240,0,-33722
14251,0,-33751
14260,0,-33777
14270,0,-33805
14280,0,-33833
14290,0,-33861
14300,0,-33885
14310,0,-33912
14320,0,-33938
14330,0,-33964
14340,0,-33988
14350,0,-34013
14360,0,-34038
14370,0,-34063
14380,0,-34085
14390,0,-34109
14400,0,-34133
14410,0,-34156
14420,0,-34179
14430,0,-34200
14440,0,-34222
14450,0,-34244
14460,0,-34266
14470,0,-34285
14480,0,-34306
14490,0,-34327
14500,0,-34348
14510,0,-34366
14520,0,-34386
14530,0,-34405
14540,0,-34424
14550,0,-34441
14560,0,-34460
14570,0,-34478
14580,0,-34496
14590,0,-34514
14600,0,-34530
14610,0,-34547
14620,0,-34564
14630,0,-34580
14640,0,-34595
14650,0,-34610
14660,0,-34626
14670,0,-34641
14680,0,-34655
14690,0,-34670
14700,0,-34684
14710,0,-34698
14720,0,-34711
14730,0,-34725
14740,0,-34738
14750,0,-34751
14760,0,-34764
14770,0,-34775
14780,0,-34787
14790,0,-34800
14800,0,-34811
14810,0,-34822
14820,0,-34833
14830,0,-34844
14840,0,-34854
14850,0,-34864
14860,0,-34874
14870,0,-34884
14880,0,-34894
14891,0,-34903
14900,0,-34911
14910,0,-34920
14920,0,-34929
14930,0,-34937
14940,0,-34944
14950,0,-34952
14960,0,-34960
14970,0,-34967
14980,0,-34974
14990,0,-34981
15000,0,-34987
15010,0,-34994
15020,0,-34999
15030,0,-35005
15040,0,-35011
15050,0,-35017
15060,0,-35022
15070,0,-35026
15080,0,-35031
15090,0,-35036
15100,0,-35040
15110,0,-35044
15120,0,-35047
15130,0,-35051
15140,0,-35054
15150,0,-35057
15160,0,-35060
15170,0,-35063
15180,0,-35065
15190,0,-35067
15200,0,-35069
15210,0,-35071
15220,0,-35073
15230,0,-35074
15240,0,-35075
15250,0,-35076
15260,0,-35076
15270,0,-35076
15280,0,-35076
15290,0,-35076
15300,0,-35075
15310,0,-35075
15320,0,-35075
15330,0,-35075
15340,0,-35075
15350,0,-35075
15360,0,-35075
15370,0,-35075
15380,0,-35075
15390,0,-35075
15400,0,-35075
15410,0,-35075
15420,0,-35075
15430,0,-35075
15440,0,-35075
15450,0,-35075
15460,0,-35075
15470,0,-35075
15480,0,-35075
15490,0,-35075
15500,0,-35075
15510,0,-35075
15520,0,-35075
15531,0,-35075
15540,0,-35075
15550,0,-35075
15560,0,-35075
15570,0,-35075
15580,0,-35075
15590,0,-35075
15600,0,-35075
15610,0,-35075
15620,0,-35075
15630,0,-35075
15640,0,-35075
15650,0,-35075
15660,0,-35075
15670,0,-35075
15680,0,-35075
15690,0,-35075
15700,0,-35075
15710,0,-35075
15720,0,-35075
15730,0,-35075
15740,0,-35075
15750,0,-35075
15760,0,-35075
15770,0,-35075
15780,0,-35075
15790,0,-35075
15800,0,-35075
15810,0,-35075
15820,0,-35075
15830,0,-35075
15840,0,-35075
15850,0,-35075
15860,0,-35075
15870,0,-35075
15880,0,-35075
15890,0,-35075
15900,0,-35075
15910,0,-35075
15920,0,-35075
15930,0,-35075
15940,0,-35075
15950,0,-35075
15960,0,-35075
15970,0,-35075
15980,0,-35075
15990,0,-35075
16000,60,-35075
16010,60,-35076
16020,60,-35080
16030,60,-35086
16040,60,-35095
16050,60,-35104
16060,60,-35115
16070,60,-35127
16080,60,-35141
16090,60,-35155
16100,60,-35171
16110,60,-35187
16120,60,-35205
16130,60,-35222
16140,60,-35241
16150,60,-35261
16160,60,-35282
16171,60,-35304
16180,60,-35324
16190,60,-35346
16200,60,-35370
16210,60,-35394
16220,60,-35416
16230,60,-35440
16240,60,-35466
16250,60,-35492
16260,60,-35515
16270,60,-35542
16280,60,-35569
16290,60,-35596
16300,60,-35621
16310,60,-35649
16320,60,-35677
16330,60,-35706
16340,60,-35735
16350,60,-35761
16360,60,-35791
16370,60,-35821
16380,60,-35851
16390,60,-35878
16400,60,-35909
16410,60,-35940
16420,60,-35971
16430,60,-35999
16440,60,-36031
16450,60,-36063
16460,60,-36095
16470,60,-36124
16480,60,-36156
16490,60,-36189
16500,60,-36221
16510,60,-36254
16520,60,-36284
16530,60,-36317
16540,60,-36351
16550,60,-36385
16560,60,-36415
16570,60,-36449
16580,60,-36483
16590,60,-36517
16600,60,-36548
16610,60,-36582
16620,60,-36617
16630,60,-36652
16640,60,-36683
16650,60,-36718
16660,60,-36753
16670,60,-36788
16680,60,-36823
16690,60,-36855
16700,60,-36891
16710,60,-36926
16720,60,-36962
16730,60,-36994
16740,60,-37030
16750,60,-37066
16760,60,-37102
16770,60,-37134
16780,60,-37170
16790,60,-37206
16800,60,-37242
16811,60,-37279
16820,60,-37312
16830,60,-37348
16840,60,-37384
16850,60,-37421
16860,60,-37454
16870,60,-37491
16880,60,-37527
16890,60,-37564
16900,60,-37597
16910,60,-37634
16920,60,-37671
16930,60,-37708
16940,60,-37741
16950,60,-37778
16960,60,-37816
16970,60,-37853
16980,60,-37890
16990,60,-37924
17000,60,-37961
17010,60,-37998
17020,60,-38036
17030,60,-38069
17040,60,-38107
17050,60,-38144
17060,60,-38182
17070,60,-38216
17080,60,-38253
17090,60,-38291
17100,60,-38328
17110,60,-38362
17120,60,-38400
17130,60,-38438
17140,60,-38475
17150,60,-38513
17160,60,-38547
17170,60,-38585
17180,60,-38623
17190,60,-38660
17200,60,-38694
17210,60,-38732
17220,60,-38770
17230,60,-38808
17240,60,-38842
17250,60,-38880
17260,60,-38918
17270,60,-38956
17280,60,-38990
17290,60,-39028
17300,60,-39066
17310,60,-39104
17320,60,-39142
17330,60,-39176
17340,60,-39214
17350,60,-39252
17360,60,-39291
17370,60,-39325
17380,60,-39363
17390,60,-39401
17400,60,-39439
17410,60,-39473
17420,60,-39512
17430,60,-39550
17440,60,-39588
17451,60,-39626
17460,60,-39661
17470,60,-39699
17480,60,-39737
17490,60,-39775
17500,60,-39810
17510,60,-39848
17520,60,-39887
17530,60,-39925
17540,60,-39959
17550,60,-39998
17560,60,-40036
17570,60,-40074
17580,60,-40109
17590,60,-40147
17600,60,-40186
17610,60,-40224
17620,60,-40263
17630,60,-40297
17640,60,-40336
17650,60,-40374
17660,60,-40412
17670,60,-40447
17680,60,-40486
17690,60,-40524
17700,60,-40563
17710,60,-40597
17720,60,-40636
17730,60,-40674
17740,60,-40713
17750,60,-40747
17760,60,-40786
17770,60,-40824
17780,60,-40863
17790,60,-40901
17800,60,-40936
17810,60,-40974
17820,60,-41013
17830,60,-41052
17840,60,-41086
17850,60,-41125
17860,60,-41163
17870,60,-41202
17880,60,-41237
17890,60,-41275
17900,60,-41314
17910,60,-41352
17920,60,-41387
17930,60,-41426
17940,60,-41464
17950,60,-41503
17960,60,-41541
17970,60,-41576
17980,60,-41615
17990,60,-41653
18000,0,-41692
18010,0,-41726
18020,0,-41765
18030,0,-41802
18040,0,-41839
18050,0,-41872
18060,0,-41909
18070,0,-41945
18080,0,-41980
18091,0,-42016
18100,0,-42047
18110,0,-42081
18120,0,-42115
18130,0,-42149
18140,0,-42179
18150,0,-42212
18160,0,-42244
18170,0,-42277
18180,0,-42305
18190,0,-42336
18200,0,-42367
18210,0,-42398
18220,0,-42425
18230,0,-42455
18240,0,-42485
18250,0,-42514
18260,0,-42543
18270,0,-42568
18280,0,-42596
18290,0,-42624
18300,0,-42651
18310,0,-42676
18320,0,-42703
18330,0,-42729
18340,0,-42755
18350,0,-42778
18360,0,-42803
18370,0,-42828
18380,0,-42853
18390,0,-42875
18400,0,-42899
18410,0,-42922
18420,0,-42946
18430,0,-42969
18440,0,-42989
18450,0,-43011
18460,0,-43033
18470,0,-43055
18480,0,-43074
18490,0,-43095
18500,0,-43116
18510,0,-43136
18520,0,-43154
18530,0,-43174
18540,0,-43194
18550,0,-43213
18560,0,-43230
18570,0,-43248
18580,0,-43267
18590,0,-43285
18600,0,-43302
18610,0,-43318
18620,0,-43335
18630,0,-43352
18640,0,-43368
18650,0,-43383
18660,0,-43399
18670,0,-43414
18680,0,-43429
18690,0,-43443
18700,0,-43458
18710,0,-43472
18720,0,-43486
18731,0,-43500
18740,0,-43513
18750,0,-43526
18760,0,-43539
18770,0,-43552
18780,0,-43563
18790,0,-43575
18800,0,-43587
18810,0,-43599
18820,0,-43609
18830,0,-43621
18840,0,-43632
18850,0,-43642
18860,0,-43652
18870,0,-43662
18880,0,-43672
18890,0,-43682
18900,0,-43691
18910,0,-43699
18920,0,-43708
18930,0,-43717
18940,0,-43725
18950,0,-43733
18960,0,-43740
18970,0,-43748
18980,0,-43756
18990,0,-43762
19000,0,-43769
19010,0,-43776
19020,0,-43782
19030,0,-43788
19040,0,-43794
19050,0,-43800
19060,0,-43805
19070,0,-43810
19080,0,-43815
19090,0,-43820
19100,0,-43824
19110,0,-43829
19120,0,-43832
19130,0,-43836
19140,0,-43840
19150,0,-43843
19160,0,-43846
19170,0,-43849
19180,0,-43852
19190,0,-43855
19200,0,-43857
19210,0,-43859
19220,0,-43861
19230,0,-43862
19240,0,-43863
19250,0,-43864
19260,0,-43865
19270,0,-43866
19280,0,-43866
19290,0,-43866
19300,0,-43866
19310,0,-43865
19320,0,-43865
19330,0,-43865
19340,0,-43865
19350,0,-43865
19360,0,-43865
19371,0,-43865
19380,0,-43865
19390,0,-43865
19400,0,-43865
19410,0,-43865
19420,0,-43865
19430,0,-43865
19440,0,-43865
19450,0,-43865
19460,0,-43865
19470,0,-43865
19480,0,-43865
19490,0,-43865
19500,0,-43865
19510,0,-43865
19520,0,-43865
19530,0,-43865
19540,0,-43865
19550,0,-43865
19560,0,-43865
19570,0,-43865
19580,0,-43865
19590,0,-43865
19600,0,-43865
19610,0,-43865
19620,0,-43865
19630,0,-43865
19640,0,-43865
19650,0,-43865
19660,0,-43865
19670,0,-43865
19680,0,-43865
19690,0,-43865
19700,0,-43865
19710,0,-43865
19720,0,-43865
19730,0,-43865
19740,0,-43865
19750,0,-43865
19760,0,-43865
19770,0,-43865
19780,0,-43865
19790,0,-43865
19800,0,-43865
19810,0,-43865
19820,0,-43865
19830,0,-43865
19840,0,-43865
19850,0,-43865
19860,0,-43865
19870,0,-43865
19880,0,-43865
19890,0,-43865
19900,0,-43865
19910,0,-43865
19920,0,-43865
19930,0,-43865
19940,0,-43865
19950,0,-43865
19960,0,-43865
19970,0,-43865
19980,0,-43865
19990,0,-43865
